{
    "rmse": 0.7706506560612917,
    "mae": 0.5939024336876992,
    "r2": 0.1686000518573305
}